{
  "auc_roc": 0.7975990396158463,
  "auc_pr": 0.9605795149751767,
  "log_loss": 0.3152612003828189,
  "brier": 0.0946944591239215,
  "ece": 0.025318594372978565,
  "accuracy": 0.8754578754578755,
  "precision": 0.875,
  "recall": 1.0,
  "f1": 0.9333333333333333
}